{
    "variants": {
        "": [
            { "model": "block/bookshelf/block/bookshelf_0" },
			{ "model": "block/bookshelf/block/bookshelf_1" },
			{ "model": "block/bookshelf/block/bookshelf_2" },
			{ "model": "block/bookshelf/block/bookshelf_3" },
			{ "model": "block/bookshelf/block/bookshelf_4" },
			{ "model": "block/bookshelf/block/bookshelf_5" },
			{ "model": "block/bookshelf/block/bookshelf_6" },
			{ "model": "block/bookshelf/block/bookshelf_7" },
			{ "model": "block/bookshelf/block/bookshelf_8" },
			{ "model": "block/bookshelf/block/bookshelf_9" },
			{ "model": "block/bookshelf/block/bookshelf_10" },
			{ "model": "block/bookshelf/block/bookshelf_11" },
			{ "model": "block/bookshelf/block/bookshelf_12" },
			{ "model": "block/bookshelf/block/bookshelf_13" },
			{ "model": "block/bookshelf/block/bookshelf_14" },
			{ "model": "block/bookshelf/block/bookshelf_15" }
        ]
    }
}
