{
    "variants": {
        "": [
            { "model": "block/cobblestone/block/cobblestone_0" },
			{ "model": "block/cobblestone/block/cobblestone_1" },
			{ "model": "block/cobblestone/block/cobblestone_2" },
			{ "model": "block/cobblestone/block/cobblestone_3" },
			{ "model": "block/cobblestone/block/cobblestone_4" },
			{ "model": "block/cobblestone/block/cobblestone_5" },
			{ "model": "block/cobblestone/block/cobblestone_6" },
			{ "model": "block/cobblestone/block/cobblestone_7" }
        ]
    }
}
