{
  "variants": {
    "facing=east,open=false": {
      "model": "minecraft:block/mangrove_fence_gate",
      "y": 270
    },
    "facing=east,open=true": {
      "model": "minecraft:block/mangrove_fence_gate_open",
      "y": 270
    },
    "facing=north,open=false": {
      "model": "minecraft:block/mangrove_fence_gate",
      "y": 180
    },
    "facing=north,open=true": {
      "model": "minecraft:block/mangrove_fence_gate_open",
      "y": 180
    },
    "facing=south,open=false": {
      "model": "minecraft:block/mangrove_fence_gate"
    },
    "facing=south,open=true": {
      "model": "minecraft:block/mangrove_fence_gate_open"
    },
    "facing=west,open=false": {
      "model": "minecraft:block/mangrove_fence_gate",
      "y": 90
    },
    "facing=west,open=true": {
      "model": "minecraft:block/mangrove_fence_gate_open",
      "y": 90
    }
  }
}