{
	"multipart": [{
		"apply": { "model": "block/redstone_dust" },
		"when": { "north": "none", "east": "none", "south": "none", "west": "none" }
	},


	{
		"apply": { "model": "block/redstone_dust_ns" },
		"when": { "north": "side|up", "east": "none", "south": "side|up", "west": "none" }
	},{
		"apply": { "model": "block/redstone_dust_ew" },
		"when": { "north": "none", "east": "side|up", "south": "none", "west": "side|up" }
	},{
		"apply": { "model": "block/redstone_dust_ne" },
		"when": { "north": "side|up", "east": "side|up", "south": "none", "west": "none" }
	},{
		"apply": { "model": "block/redstone_dust_es" },
		"when": { "north": "none", "east": "side|up", "south": "side|up", "west": "none" }
	},{
		"apply": { "model": "block/redstone_dust_sw" },
		"when": { "north": "none", "east": "none", "south": "side|up", "west": "side|up" }
	},{
		"apply": { "model": "block/redstone_dust_wn" },
		"when": { "north": "side|up", "east": "none", "south": "none", "west": "side|up" }
	},


	{
		"apply": { "model": "block/redstone_dust_nes" },
		"when": { "north": "side|up", "east": "side|up", "south": "side|up", "west": "none" }
	},{
		"apply": { "model": "block/redstone_dust_esw" },
		"when": { "north": "none", "east": "side|up", "south": "side|up", "west": "side|up" }
	},{
		"apply": { "model": "block/redstone_dust_swn" },
		"when": { "north": "side|up", "east": "none", "south": "side|up", "west": "side|up" }
	},{
		"apply": { "model": "block/redstone_dust_wne" },
		"when": { "north": "side|up", "east": "side|up", "south": "none", "west": "side|up" }
	},


	{
		"apply": { "model": "block/redstone_dust_nesw" },
		"when": { "north": "side|up", "east": "side|up", "south": "side|up", "west": "side|up" }
	},{

		"apply": { "model": "block/redstone_dust_ns", "x": 270 },
		"when": { "north": "up" }
	},{
		"apply": { "model": "block/redstone_dust_ns", "x": 90 },
		"when": { "south": "up" }
	},{
		"apply": { "model": "block/redstone_dust_ns", "x": 270, "y": 90 },
		"when": { "east": "up" }
	},{
		"apply": { "model": "block/redstone_dust_ns", "x": 90, "y": 90 },
		"when": { "west": "up" }
	},


	{
		"apply": { "model": "block/redstone_number_0" },
		"when": { "power": 0 }
	},{
		"apply": { "model": "block/redstone_number_1" },
		"when": { "power": 1 }
	},{
		"apply": { "model": "block/redstone_number_2" },
		"when": { "power": 2 }
	},{
		"apply": { "model": "block/redstone_number_3" },
		"when": { "power": 3 }
	},{
		"apply": { "model": "block/redstone_number_4" },
		"when": { "power": 4 }
	},{
		"apply": { "model": "block/redstone_number_5" },
		"when": { "power": 5 }
	},{
		"apply": { "model": "block/redstone_number_6" },
		"when": { "power": 6 }
	},{
		"apply": { "model": "block/redstone_number_7" },
		"when": { "power": 7 }
	},{
		"apply": { "model": "block/redstone_number_8" },
		"when": { "power": 8 }
	},{
		"apply": { "model": "block/redstone_number_9" },
		"when": { "power": 9 }
	},{
		"apply": { "model": "block/redstone_number_10" },
		"when": { "power": 10 }
	},{
		"apply": { "model": "block/redstone_number_11" },
		"when": { "power": 11 }
	},{
		"apply": { "model": "block/redstone_number_12" },
		"when": { "power": 12 }
	},{
		"apply": { "model": "block/redstone_number_13" },
		"when": { "power": 13 }
	},{
		"apply": { "model": "block/redstone_number_14" },
		"when": { "power": 14 }
	},{
		"apply": { "model": "block/redstone_number_15" },
		"when": { "power": 15 }
	}]
}
