{
	"credit": "Made with Blockbench",
	"parent": "minecraft:block/rail_flat",
	"textures": {
		"rail": "block/activator_rail"
	},
	"elements": [
		{
			"from": [0, 0, 0],
			"to": [4, 2, 16],
			"faces": {
				"north": {"uv": [0, 0, 4, 2], "rotation": 180, "texture": "#rail"},
				"east": {"uv": [2, 0, 4, 16], "texture": "#rail"},
				"south": {"uv": [0, 0, 4, 2], "texture": "#rail"},
				"west": {"uv": [0, 0, 2, 16], "texture": "#rail"},
				"up": {"uv": [0, 0, 4, 16], "texture": "#rail"},
				"down": {"uv": [0, 0, 4, 16], "texture": "#rail"}
			}
		},
		{
			"from": [12, 0, 0],
			"to": [16, 2, 16],
			"faces": {
				"north": {"uv": [12, 0, 16, 2], "rotation": 180, "texture": "#rail"},
				"east": {"uv": [14, 0, 16, 16], "texture": "#rail"},
				"south": {"uv": [12, 0, 16, 2], "texture": "#rail"},
				"west": {"uv": [12, 0, 14, 16], "texture": "#rail"},
				"up": {"uv": [12, 0, 16, 16], "texture": "#rail"},
				"down": {"uv": [12, 0, 16, 16], "texture": "#rail"}
			}
		},
		{
			"from": [4, 0.01, 2],
			"to": [12, 0.01, 6],
			"faces": {
				"north": {"uv": [4, 2, 12, 4], "rotation": 180, "texture": "#missing"},
				"east": {"uv": [0, 0, 4, 2], "texture": "#missing"},
				"south": {"uv": [4, 2, 12, 4], "texture": "#missing"},
				"west": {"uv": [0, 0, 4, 2], "texture": "#missing"},
				"up": {"uv": [4, 2, 12, 6], "texture": "#rail"},
				"down": {"uv": [4, 2, 12, 6], "texture": "#rail"}
			}
		},
		{
			"from": [4, 0.01, 10],
			"to": [12, 0.01, 14],
			"faces": {
				"north": {"uv": [4, 2, 12, 4], "rotation": 180, "texture": "#missing"},
				"east": {"uv": [0, 0, 4, 2], "texture": "#missing"},
				"south": {"uv": [4, 2, 12, 4], "texture": "#missing"},
				"west": {"uv": [0, 0, 4, 2], "texture": "#missing"},
				"up": {"uv": [4, 2, 12, 6], "texture": "#rail"},
				"down": {"uv": [4, 2, 12, 6], "texture": "#rail"}
			}
		}
	]
}