{
	"credit": "Made with Blockbench",
	"textures": {
		"particle": "block/bamboo_stalk",
		"all": "block/bamboo_stalk"
	},
	"elements": [
		{
			"from": [6, 0, 6],
			"to": [10, 16, 10],
			"faces": {
				"north": {"uv": [0, 0, 3, 16], "texture": "#all"},
				"east": {"uv": [1, 0, 4, 16], "texture": "#all"},
				"south": {"uv": [1, 0, 4, 16], "texture": "#all"},
				"west": {"uv": [1, 0, 4, 16], "texture": "#all"},
				"up": {"uv": [10, 0, 14, 4], "texture": "#all", "cullface": "up"},
				"down": {"uv": [10, 0, 14, 4], "texture": "#all", "cullface": "down"}
			}
		}
	]
}