{
	"credit": "Made with Blockbench",
	"parent": "block/block",
	"textures": {
		"2": "block/beacon_base",
		"particle": "block/glass",
		"glass": "block/glass",
		"beacon": "block/beacon"
	},
	"elements": [
		{
			"name": "Glass shell",
			"from": [0, 0, 0],
			"to": [16, 16, 16],
			"faces": {
				"north": {"uv": [0, 0, 16, 16], "texture": "#glass"},
				"east": {"uv": [0, 0, 16, 16], "texture": "#glass"},
				"south": {"uv": [0, 0, 16, 16], "texture": "#glass"},
				"west": {"uv": [0, 0, 16, 16], "texture": "#glass"},
				"up": {"uv": [0, 0, 16, 16], "texture": "#glass"},
				"down": {"uv": [0, 0, 16, 16], "texture": "#glass"}
			}
		},
		{
			"name": "Inner beacon texture",
			"from": [2, 2, 2],
			"to": [14, 14, 14],
			"shade": false,
			"faces": {
				"north": {"uv": [2, 2, 14, 14], "texture": "#beacon"},
				"east": {"uv": [2, 2, 14, 14], "texture": "#beacon"},
				"south": {"uv": [2, 2, 14, 14], "texture": "#beacon"},
				"west": {"uv": [2, 2, 14, 14], "texture": "#beacon"},
				"up": {"uv": [2, 2, 14, 14], "texture": "#beacon"}
			}
		},
		{
			"from": [2, 0, 2],
			"to": [14, 2, 14],
			"faces": {
				"north": {"uv": [2, 12, 14, 14], "texture": "#2"},
				"east": {"uv": [2, 12, 14, 14], "texture": "#2"},
				"south": {"uv": [2, 12, 14, 14], "texture": "#2"},
				"west": {"uv": [2, 12, 14, 14], "texture": "#2"},
				"down": {"uv": [2, 2, 14, 14], "texture": "#2", "cullface": "down"}
			}
		}
	]
}