{
	"credit": "Made with Blockbench",
	"textures": {
		"base": "block/brewing_stand_base",
		"particle": "block/brewing_stand",
		"stand": "block/brewing_stand"
	},
	"elements": [
		{
			"from": [6, 0, 6],
			"to": [10, 14, 10],
			"faces": {
				"north": {"uv": [6, 2, 10, 16], "texture": "#stand"},
				"east": {"uv": [6, 2, 10, 16], "texture": "#stand"},
				"south": {"uv": [6, 2, 10, 16], "texture": "#stand"},
				"west": {"uv": [6, 2, 10, 16], "texture": "#stand"},
				"up": {"uv": [6, 2, 8, 4], "texture": "#stand"},
				"down": {"uv": [8, 14, 10, 16], "texture": "#stand"}
			}
		},
		{
			"from": [2, 0, 2],
			"to": [14, 2, 14],
			"faces": {
				"north": {"uv": [14, 2, 2, 4], "texture": "#base"},
				"east": {"uv": [14, 12, 2, 14], "texture": "#base"},
				"south": {"uv": [2, 12, 14, 14], "texture": "#base"},
				"west": {"uv": [2, 2, 14, 4], "texture": "#base"},
				"up": {"uv": [2, 2, 14, 14], "texture": "#base"},
				"down": {"uv": [9, 5, 15, 11], "texture": "#base", "cullface": "down"}
			}
		}
	]
}