{
	"credit": "Made with Blockbench",
	"ambientocclusion": false,
	"textures": {
		"slab": "block/smooth_stone",
		"particle": "block/comparator_on",
		"top": "block/comparator_on",
		"unlit": "block/components_on"
	},
	"elements": [
		{
			"from": [0, 0, 0],
			"to": [16, 2, 16],
			"faces": {
				"north": {"uv": [0, 14, 16, 16], "texture": "#slab", "cullface": "north"},
				"east": {"uv": [0, 14, 16, 16], "texture": "#slab", "cullface": "east"},
				"south": {"uv": [0, 14, 16, 16], "texture": "#slab", "cullface": "south"},
				"west": {"uv": [0, 14, 16, 16], "texture": "#slab", "cullface": "west"},
				"up": {"uv": [0, 0, 16, 16], "texture": "#top"},
				"down": {"uv": [0, 0, 16, 16], "texture": "#slab", "cullface": "down"}
			}
		},
		{
			"from": [4, 2, 10],
			"to": [12, 4, 14],
			"rotation": {"angle": 0, "axis": "y", "origin": [8, 4, 7]},
			"faces": {
				"north": {"uv": [12, 10, 4, 12], "texture": "#top"},
				"east": {"uv": [10, 14, 12, 10], "rotation": 270, "texture": "#top"},
				"south": {"uv": [4, 12, 12, 14], "texture": "#top"},
				"west": {"uv": [4, 10, 6, 14], "rotation": 270, "texture": "#top"},
				"up": {"uv": [4, 10, 12, 14], "texture": "#top"},
				"down": {"uv": [7, 13, 9, 15], "rotation": 270, "texture": "#top"}
			}
		},
		{
			"from": [6, 2, 2],
			"to": [10, 4, 6],
			"rotation": {"angle": 0, "axis": "y", "origin": [11, 4, 4]},
			"faces": {
				"north": {"uv": [4, 12, 0, 14], "texture": "#unlit"},
				"east": {"uv": [2, 12, 4, 14], "texture": "#unlit"},
				"south": {"uv": [2, 12, 4, 14], "texture": "#unlit"},
				"west": {"uv": [0, 12, 4, 14], "texture": "#unlit"},
				"up": {"uv": [0, 8, 4, 12], "texture": "#unlit"},
				"down": {"uv": [7, 13, 9, 15], "texture": "#unlit"}
			}
		}
	]
}