{
	"credit": "Made with Blockbench",
	"parent": "block/block",
	"ambientocclusion": false,
	"textures": {
		"particle": "block/dragon_egg",
		"all": "block/dragon_egg"
	},
	"elements": [
		{
			"from": [6, 14, 6],
			"to": [10, 16, 10],
			"faces": {
				"north": {"uv": [6, 14, 10, 16], "texture": "#all"},
				"east": {"uv": [6, 14, 10, 16], "texture": "#all"},
				"south": {"uv": [6, 14, 10, 16], "texture": "#all"},
				"west": {"uv": [6, 14, 10, 16], "texture": "#all"},
				"up": {"uv": [6, 6, 10, 10], "texture": "#all"},
				"down": {"uv": [6, 6, 10, 10], "texture": "#all"}
			}
		},
		{
			"from": [4, 12, 4],
			"to": [12, 14, 12],
			"faces": {
				"north": {"uv": [4, 12, 12, 14], "texture": "#all"},
				"east": {"uv": [4, 12, 12, 14], "texture": "#all"},
				"south": {"uv": [4, 12, 12, 14], "texture": "#all"},
				"west": {"uv": [4, 12, 12, 14], "texture": "#all"},
				"up": {"uv": [4, 4, 12, 12], "texture": "#all"},
				"down": {"uv": [4, 4, 12, 12], "texture": "#all"}
			}
		},
		{
			"from": [2, 8, 2],
			"to": [14, 12, 14],
			"faces": {
				"north": {"uv": [2, 8, 14, 12], "texture": "#all"},
				"east": {"uv": [2, 8, 14, 12], "texture": "#all"},
				"south": {"uv": [2, 8, 14, 12], "texture": "#all"},
				"west": {"uv": [2, 8, 14, 12], "texture": "#all"},
				"up": {"uv": [2, 2, 14, 14], "texture": "#all"},
				"down": {"uv": [2, 2, 14, 14], "texture": "#all"}
			}
		},
		{
			"from": [0, 2, 0],
			"to": [16, 8, 16],
			"faces": {
				"north": {"uv": [0, 2, 16, 8], "texture": "#all"},
				"east": {"uv": [0, 2, 16, 8], "texture": "#all"},
				"south": {"uv": [0, 2, 16, 8], "texture": "#all"},
				"west": {"uv": [0, 2, 16, 8], "texture": "#all"},
				"up": {"uv": [0, 0, 16, 16], "texture": "#all"},
				"down": {"uv": [1, 1, 15, 15], "texture": "#all"}
			}
		},
		{
			"from": [2, 0, 2],
			"to": [14, 2, 14],
			"faces": {
				"north": {"uv": [2, 0, 14, 2], "texture": "#all"},
				"east": {"uv": [2, 0, 14, 2], "texture": "#all"},
				"south": {"uv": [2, 0, 14, 2], "texture": "#all"},
				"west": {"uv": [2, 0, 14, 2], "texture": "#all"},
				"up": {"uv": [2, 2, 14, 14], "texture": "#all"},
				"down": {"uv": [2, 2, 14, 14], "texture": "#all"}
			}
		}
	]
}