{
	"credit": "Made with Blockbench",
	"parent": "minecraft:block/template_farmland",
	"textures": {
		"2": "block/farmland_side",
		"dirt": "block/dirt",
		"top": "block/farmland",
		"particle": "block/farmland_side"
	},
	"elements": [
		{
			"from": [0, 0, 0],
			"to": [16, 14, 16],
			"faces": {
				"north": {"uv": [0, 2, 16, 16], "texture": "#2"},
				"east": {"uv": [0, 2, 16, 16], "texture": "#2"},
				"south": {"uv": [0, 2, 16, 16], "texture": "#2"},
				"west": {"uv": [0, 2, 16, 16], "texture": "#2"},
				"up": {"uv": [0, 0, 16, 16], "texture": "#top"},
				"down": {"uv": [0, 0, 16, 16], "texture": "#dirt"}
			}
		}
	]
}