{
	"credit": "Made with Blockbench",
	"parent": "block/block",
	"textures": {
		"particle": "#texture"
	},
	"elements": [
		{
			"name": "Left-hand post",
			"from": [0, 2, 6],
			"to": [16, 14, 10],
			"faces": {
				"north": {"uv": [0, 2, 16, 14], "texture": "#texture"},
				"east": {"uv": [0, 2, 2, 14], "texture": "#texture"},
				"south": {"uv": [0, 2, 16, 14], "texture": "#texture"},
				"west": {"uv": [14, 2, 16, 14], "texture": "#texture"},
				"up": {"uv": [0, 2, 16, 4], "texture": "#texture"},
				"down": {"uv": [0, 12, 16, 14], "texture": "#texture"}
			}
		}
	],
	"display": {
		"gui": {
			"rotation": [30, 45, 0],
			"translation": [0, -1, 0],
			"scale": [0.8, 0.8, 0.8]
		},
		"head": {
			"translation": [0, -3, -6]
		}
	}
}