{
	"credit": "Made with Blockbench",
	"textures": {
		"particle": "#texture"
	},
	"elements": [
		{
			"name": "top bar",
			"from": [6, 10, 0],
			"to": [10, 14, 6],
			"faces": {
				"north": {"uv": [0, 2, 2, 6], "texture": "#texture", "cullface": "north"},
				"east": {"uv": [10, 2, 16, 6], "texture": "#texture"},
				"west": {"uv": [0, 2, 6, 6], "texture": "#texture"},
				"up": {"uv": [0, 2, 6, 4], "rotation": 90, "texture": "#texture"},
				"down": {"uv": [0, 4, 6, 6], "rotation": 270, "texture": "#texture"}
			}
		},
		{
			"name": "lower bar",
			"from": [6, 2, 0],
			"to": [10, 6, 6],
			"faces": {
				"north": {"uv": [0, 11, 2, 14], "texture": "#texture", "cullface": "north"},
				"east": {"uv": [10, 10, 16, 14], "texture": "#texture"},
				"west": {"uv": [0, 10, 6, 14], "texture": "#texture"},
				"up": {"uv": [0, 10, 6, 12], "rotation": 90, "texture": "#texture"},
				"down": {"uv": [0, 12, 6, 14], "rotation": 270, "texture": "#texture"}
			}
		}
	]
}