{
	"credit": "Made with Blockbench",
	"parent": "block/block",
	"textures": {
		"particle": "#texture"
	},
	"elements": [
		{
			"name": "Left post",
			"from": [6, 0, -2],
			"to": [10, 16, 2],
			"faces": {
				"north": {"uv": [6, 0, 10, 16], "texture": "#texture"},
				"east": {"uv": [6, 0, 10, 16], "texture": "#texture"},
				"south": {"uv": [6, 0, 10, 16], "texture": "#texture"},
				"west": {"uv": [6, 0, 10, 16], "texture": "#texture"},
				"up": {"uv": [6, 0, 10, 2], "texture": "#texture"},
				"down": {"uv": [6, 14, 10, 16], "texture": "#texture", "cullface": "down"}
			}
		},
		{
			"name": "Left post",
			"from": [6, 0, 14],
			"to": [10, 16, 18],
			"faces": {
				"north": {"uv": [6, 0, 10, 16], "texture": "#texture"},
				"east": {"uv": [6, 0, 10, 16], "texture": "#texture"},
				"south": {"uv": [6, 0, 10, 16], "texture": "#texture"},
				"west": {"uv": [6, 0, 10, 16], "texture": "#texture"},
				"up": {"uv": [6, 0, 10, 2], "texture": "#texture"},
				"down": {"uv": [6, 14, 10, 16], "texture": "#texture", "cullface": "down"}
			}
		},
		{
			"name": "Left post",
			"from": [6, 10, 8],
			"to": [10, 14, 14],
			"faces": {
				"east": {"uv": [10, 2, 16, 6], "texture": "#texture"},
				"west": {"uv": [0, 2, 6, 6], "texture": "#texture"},
				"up": {"uv": [0, 2, 6, 4], "rotation": 90, "texture": "#texture"},
				"down": {"uv": [0, 4, 6, 6], "rotation": 270, "texture": "#texture", "cullface": "down"}
			}
		},
		{
			"name": "Left post",
			"from": [6, 3, 8],
			"to": [10, 7, 14],
			"faces": {
				"east": {"uv": [10, 10, 16, 14], "texture": "#texture"},
				"west": {"uv": [0, 10, 6, 14], "texture": "#texture"},
				"up": {"uv": [0, 10, 6, 12], "rotation": 90, "texture": "#texture"},
				"down": {"uv": [0, 12, 6, 14], "rotation": 270, "texture": "#texture", "cullface": "down"}
			}
		},
		{
			"name": "Left post",
			"from": [6, 10, 2],
			"to": [10, 14, 8],
			"faces": {
				"east": {"uv": [0, 2, 6, 6], "texture": "#texture"},
				"west": {"uv": [10, 2, 16, 6], "texture": "#texture"},
				"up": {"uv": [10, 2, 16, 4], "rotation": 90, "texture": "#texture"},
				"down": {"uv": [10, 4, 16, 6], "rotation": 270, "texture": "#texture", "cullface": "down"}
			}
		},
		{
			"name": "Left post",
			"from": [6, 3, 2],
			"to": [10, 7, 8],
			"faces": {
				"east": {"uv": [0, 10, 6, 14], "texture": "#texture"},
				"west": {"uv": [10, 10, 16, 14], "texture": "#texture"},
				"up": {"uv": [10, 10, 16, 12], "rotation": 90, "texture": "#texture"},
				"down": {"uv": [10, 12, 16, 14], "rotation": 270, "texture": "#texture", "cullface": "down"}
			}
		}
	],
	"display": {
		"gui": {
			"rotation": [30, 135, 0],
			"scale": [0.625, 0.625, 0.625]
		},
		"fixed": {
			"rotation": [0, 90, 0],
			"scale": [0.5, 0.5, 0.5]
		}
	}
}