{
	"credit": "Made with Blockbench",
	"textures": {
		"particle": "#texture"
	},
	"elements": [
		{
			"name": "Left-hand post",
			"from": [0, 2, 6],
			"to": [4, 14, 14],
			"faces": {
				"north": {"uv": [0, 2, 2, 14], "texture": "#texture"},
				"east": {"uv": [8, 2, 16, 14], "texture": "#texture"},
				"south": {"uv": [6, 2, 8, 14], "texture": "#texture"},
				"west": {"uv": [0, 2, 8, 14], "texture": "#texture"},
				"up": {"uv": [0, 2, 8, 4], "rotation": 90, "texture": "#texture"},
				"down": {"uv": [0, 12, 8, 14], "rotation": 270, "texture": "#texture"}
			}
		},
		{
			"name": "Left-hand post",
			"from": [12, 2, 6],
			"to": [16, 14, 14],
			"faces": {
				"north": {"uv": [0, 2, 2, 14], "texture": "#texture"},
				"east": {"uv": [8, 2, 16, 14], "texture": "#texture"},
				"south": {"uv": [6, 2, 8, 14], "texture": "#texture"},
				"west": {"uv": [0, 2, 8, 14], "texture": "#texture"},
				"up": {"uv": [0, 2, 8, 4], "rotation": 90, "texture": "#texture"},
				"down": {"uv": [0, 12, 8, 14], "rotation": 270, "texture": "#texture"}
			}
		}
	]
}