{
	"credit": "Made with Blockbench",
	"parent": "block/block",
	"textures": {
		"particle": "block/sea_pickle",
		"all": "block/sea_pickle"
	},
	"elements": [
		{
			"from": [2, 0, 2],
			"to": [6, 6, 6],
			"faces": {
				"north": {"uv": [4, 5, 8, 11], "texture": "#all"},
				"east": {"uv": [12, 5, 16, 11], "texture": "#all"},
				"south": {"uv": [0, 5, 4, 11], "texture": "#all"},
				"west": {"uv": [8, 5, 12, 11], "texture": "#all"},
				"up": {"uv": [4, 1, 8, 5], "texture": "#all"},
				"down": {"uv": [8, 1, 12, 5], "texture": "#all", "cullface": "down"}
			}
		},
		{
			"from": [2, 5.95, 2],
			"to": [6, 5.95, 6],
			"faces": {
				"up": {"uv": [8, 1, 12, 5], "texture": "#all"}
			}
		},
		{
			"from": [9, 0, 10],
			"to": [13, 4, 14],
			"faces": {
				"north": {"uv": [4, 5, 8, 9], "texture": "#all"},
				"east": {"uv": [12, 5, 16, 9], "texture": "#all"},
				"south": {"uv": [0, 5, 4, 9], "texture": "#all"},
				"west": {"uv": [8, 5, 12, 9], "texture": "#all"},
				"up": {"uv": [4, 1, 8, 5], "texture": "#all"},
				"down": {"uv": [8, 1, 12, 5], "texture": "#all", "cullface": "down"}
			}
		},
		{
			"from": [9, 3.95, 10],
			"to": [13, 3.95, 14],
			"faces": {
				"up": {"uv": [8, 1, 12, 5], "texture": "#all"}
			}
		},
		{
			"from": [9, 0, 2],
			"to": [13, 6, 6],
			"faces": {
				"north": {"uv": [4, 5, 8, 11], "texture": "#all"},
				"east": {"uv": [12, 5, 16, 11], "texture": "#all"},
				"south": {"uv": [0, 5, 4, 11], "texture": "#all"},
				"west": {"uv": [8, 5, 12, 11], "texture": "#all"},
				"up": {"uv": [4, 1, 8, 5], "texture": "#all"},
				"down": {"uv": [8, 1, 12, 5], "texture": "#all", "cullface": "down"}
			}
		},
		{
			"from": [9, 5.95, 2],
			"to": [13, 5.95, 6],
			"faces": {
				"up": {"uv": [8, 1, 12, 5], "texture": "#all"}
			}
		},
		{
			"from": [2, 0, 8],
			"to": [6, 8, 12],
			"faces": {
				"north": {"uv": [4, 5, 8, 13], "texture": "#all"},
				"east": {"uv": [12, 5, 16, 13], "texture": "#all"},
				"south": {"uv": [0, 5, 4, 13], "texture": "#all"},
				"west": {"uv": [8, 5, 12, 13], "texture": "#all"},
				"up": {"uv": [4, 1, 8, 5], "texture": "#all"},
				"down": {"uv": [8, 1, 12, 5], "texture": "#all", "cullface": "down"}
			}
		},
		{
			"from": [2, 6.95, 8],
			"to": [6, 6.95, 12],
			"faces": {
				"up": {"uv": [8, 1, 12, 5], "texture": "#all"}
			}
		},
		{
			"from": [3, 6, 4],
			"to": [5, 8, 4],
			"shade": false,
			"rotation": {"angle": 45, "axis": "y", "origin": [4, 8, 4], "rescale": true},
			"faces": {
				"north": {"uv": [1, 1, 3, 5], "texture": "#all"},
				"south": {"uv": [3, 1, 1, 5], "texture": "#all"}
			}
		},
		{
			"from": [4, 6, 3],
			"to": [4, 8, 5],
			"shade": false,
			"rotation": {"angle": 45, "axis": "y", "origin": [4, 8, 4], "rescale": true},
			"faces": {
				"east": {"uv": [15, 1, 13, 5], "texture": "#all"},
				"west": {"uv": [13, 1, 15, 5], "texture": "#all"}
			}
		},
		{
			"from": [10, 4, 12],
			"to": [12, 6, 12],
			"shade": false,
			"rotation": {"angle": 45, "axis": "y", "origin": [11, 8, 12], "rescale": true},
			"faces": {
				"north": {"uv": [1, 1, 3, 5], "texture": "#all"},
				"south": {"uv": [3, 1, 1, 5], "texture": "#all"}
			}
		},
		{
			"from": [11, 4, 11],
			"to": [11, 6, 13],
			"shade": false,
			"rotation": {"angle": 45, "axis": "y", "origin": [11, 8, 12], "rescale": true},
			"faces": {
				"east": {"uv": [15, 1, 13, 5], "texture": "#all"},
				"west": {"uv": [13, 1, 15, 5], "texture": "#all"}
			}
		},
		{
			"from": [10, 6, 4],
			"to": [12, 8, 4],
			"shade": false,
			"rotation": {"angle": 45, "axis": "y", "origin": [11, 8, 4], "rescale": true},
			"faces": {
				"north": {"uv": [1, 0, 3, 5], "texture": "#all"},
				"south": {"uv": [3, 1, 1, 5], "texture": "#all"}
			}
		},
		{
			"from": [11, 6, 3],
			"to": [11, 8, 5],
			"shade": false,
			"rotation": {"angle": 45, "axis": "y", "origin": [11, 8, 4], "rescale": true},
			"faces": {
				"east": {"uv": [15, 1, 13, 5], "texture": "#all"},
				"west": {"uv": [13, 0, 15, 5], "texture": "#all"}
			}
		},
		{
			"from": [3, 8, 10],
			"to": [5, 10, 10],
			"shade": false,
			"rotation": {"angle": 45, "axis": "y", "origin": [4, 8, 10], "rescale": true},
			"faces": {
				"north": {"uv": [1, 1, 3, 5], "texture": "#all"},
				"south": {"uv": [3, 1, 1, 5], "texture": "#all"}
			}
		},
		{
			"from": [4, 8, 9],
			"to": [4, 10, 11],
			"shade": false,
			"rotation": {"angle": 45, "axis": "y", "origin": [4, 8, 10], "rescale": true},
			"faces": {
				"east": {"uv": [15, 1, 13, 5], "texture": "#all"},
				"west": {"uv": [13, 1, 15, 5], "texture": "#all"}
			}
		}
	]
}