{
	"credit": "Made with Blockbench",
	"parent": "minecraft:block/flowerbed_4",
	"textures": {
		"flowerbed": "block/pink_petals",
		"stem": "block/pink_petals_stem"
	},
	"elements": [
		{
			"from": [4, 0, 11],
			"to": [4, 2, 13],
			"rotation": {"angle": -45, "axis": "y", "origin": [4, 0, 12]},
			"faces": {
				"north": {"uv": [0, 0, 0, 2], "texture": "#stem"},
				"east": {"uv": [0, 5, 2, 7], "texture": "#stem"},
				"south": {"uv": [0, 0, 0, 2], "texture": "#stem"},
				"west": {"uv": [0, 5, 2, 7], "texture": "#stem"},
				"up": {"uv": [0, 0, 0, 2], "texture": "#missing"},
				"down": {"uv": [0, 0, 0, 2], "texture": "#missing"}
			}
		},
		{
			"from": [2, 2, 10],
			"to": [6, 2, 14],
			"rotation": {"angle": 0, "axis": "y", "origin": [0, 0, 8]},
			"faces": {
				"north": {"uv": [0, 0, 4, 0], "texture": "#missing"},
				"east": {"uv": [0, 0, 4, 0], "texture": "#missing"},
				"south": {"uv": [0, 0, 4, 0], "texture": "#missing"},
				"west": {"uv": [0, 0, 4, 0], "texture": "#missing"},
				"up": {"uv": [2, 2, 6, 6], "texture": "#flowerbed"},
				"down": {"uv": [2, 2, 6, 6], "texture": "#flowerbed"}
			}
		},
		{
			"from": [4, 0, 11],
			"to": [4, 2, 13],
			"rotation": {"angle": 45, "axis": "y", "origin": [4, 0, 12]},
			"faces": {
				"north": {"uv": [0, 0, 0, 2], "texture": "#missing"},
				"east": {"uv": [0, 5, 2, 7], "texture": "#stem"},
				"south": {"uv": [0, 0, 0, 2], "texture": "#missing"},
				"west": {"uv": [0, 5, 2, 7], "texture": "#stem"},
				"up": {"uv": [0, 0, 0, 2], "texture": "#missing"},
				"down": {"uv": [0, 0, 0, 2], "texture": "#missing"}
			}
		},
		{
			"from": [4, 0, 3],
			"to": [4, 2, 5],
			"rotation": {"angle": -45, "axis": "y", "origin": [4, 0, 4]},
			"faces": {
				"north": {"uv": [0, 0, 0, 2], "texture": "#stem"},
				"east": {"uv": [0, 5, 2, 7], "texture": "#stem"},
				"south": {"uv": [0, 0, 0, 2], "texture": "#stem"},
				"west": {"uv": [0, 5, 2, 7], "texture": "#stem"},
				"up": {"uv": [0, 0, 0, 2], "texture": "#missing"},
				"down": {"uv": [0, 0, 0, 2], "texture": "#missing"}
			}
		},
		{
			"from": [2, 2, 2],
			"to": [6, 2, 6],
			"faces": {
				"north": {"uv": [0, 0, 4, 0], "texture": "#missing"},
				"east": {"uv": [0, 0, 4, 0], "texture": "#missing"},
				"south": {"uv": [0, 0, 4, 0], "texture": "#missing"},
				"west": {"uv": [0, 0, 4, 0], "texture": "#missing"},
				"up": {"uv": [2, 2, 6, 6], "texture": "#flowerbed"},
				"down": {"uv": [2, 2, 6, 6], "texture": "#flowerbed"}
			}
		},
		{
			"from": [4, 0, 3],
			"to": [4, 2, 5],
			"rotation": {"angle": 45, "axis": "y", "origin": [4, 0, 4]},
			"faces": {
				"north": {"uv": [0, 0, 0, 2], "texture": "#missing"},
				"east": {"uv": [0, 5, 2, 7], "texture": "#stem"},
				"south": {"uv": [0, 0, 0, 2], "texture": "#missing"},
				"west": {"uv": [0, 5, 2, 7], "texture": "#stem"},
				"up": {"uv": [0, 0, 0, 2], "texture": "#missing"},
				"down": {"uv": [0, 0, 0, 2], "texture": "#missing"}
			}
		},
		{
			"from": [12, 0, 3],
			"to": [12, 2, 5],
			"rotation": {"angle": -45, "axis": "y", "origin": [12, 0, 4]},
			"faces": {
				"north": {"uv": [0, 0, 0, 2], "texture": "#stem"},
				"east": {"uv": [0, 5, 2, 7], "texture": "#stem"},
				"south": {"uv": [0, 0, 0, 2], "texture": "#stem"},
				"west": {"uv": [0, 5, 2, 7], "texture": "#stem"},
				"up": {"uv": [0, 0, 0, 2], "texture": "#missing"},
				"down": {"uv": [0, 0, 0, 2], "texture": "#missing"}
			}
		},
		{
			"from": [10, 2, 2],
			"to": [14, 2, 6],
			"rotation": {"angle": 0, "axis": "y", "origin": [8, 0, 0]},
			"faces": {
				"north": {"uv": [0, 0, 4, 0], "texture": "#missing"},
				"east": {"uv": [0, 0, 4, 0], "texture": "#missing"},
				"south": {"uv": [0, 0, 4, 0], "texture": "#missing"},
				"west": {"uv": [0, 0, 4, 0], "texture": "#missing"},
				"up": {"uv": [2, 2, 6, 6], "texture": "#flowerbed"},
				"down": {"uv": [2, 2, 6, 6], "texture": "#flowerbed"}
			}
		},
		{
			"from": [12, 0, 3],
			"to": [12, 2, 5],
			"rotation": {"angle": 45, "axis": "y", "origin": [12, 0, 4]},
			"faces": {
				"north": {"uv": [0, 0, 0, 2], "texture": "#missing"},
				"east": {"uv": [0, 5, 2, 7], "texture": "#stem"},
				"south": {"uv": [0, 0, 0, 2], "texture": "#missing"},
				"west": {"uv": [0, 5, 2, 7], "texture": "#stem"},
				"up": {"uv": [0, 0, 0, 2], "texture": "#missing"},
				"down": {"uv": [0, 0, 0, 2], "texture": "#missing"}
			}
		},
		{
			"from": [12, 0, 11],
			"to": [12, 2, 13],
			"rotation": {"angle": -45, "axis": "y", "origin": [12, 0, 12]},
			"faces": {
				"north": {"uv": [0, 0, 0, 2], "texture": "#stem"},
				"east": {"uv": [0, 5, 2, 7], "texture": "#stem"},
				"south": {"uv": [0, 0, 0, 2], "texture": "#stem"},
				"west": {"uv": [0, 5, 2, 7], "texture": "#stem"},
				"up": {"uv": [0, 0, 0, 2], "texture": "#missing"},
				"down": {"uv": [0, 0, 0, 2], "texture": "#missing"}
			}
		},
		{
			"from": [10, 2, 10],
			"to": [14, 2, 14],
			"rotation": {"angle": 0, "axis": "y", "origin": [8, 0, 8]},
			"faces": {
				"north": {"uv": [0, 0, 4, 0], "texture": "#missing"},
				"east": {"uv": [0, 0, 4, 0], "texture": "#missing"},
				"south": {"uv": [0, 0, 4, 0], "texture": "#missing"},
				"west": {"uv": [0, 0, 4, 0], "texture": "#missing"},
				"up": {"uv": [2, 2, 6, 6], "texture": "#flowerbed"},
				"down": {"uv": [2, 2, 6, 6], "texture": "#flowerbed"}
			}
		},
		{
			"from": [12, 0, 11],
			"to": [12, 2, 13],
			"rotation": {"angle": 45, "axis": "y", "origin": [12, 0, 12]},
			"faces": {
				"north": {"uv": [0, 0, 0, 2], "texture": "#missing"},
				"east": {"uv": [0, 5, 2, 7], "texture": "#stem"},
				"south": {"uv": [0, 0, 0, 2], "texture": "#missing"},
				"west": {"uv": [0, 5, 2, 7], "texture": "#stem"},
				"up": {"uv": [0, 0, 0, 2], "texture": "#missing"},
				"down": {"uv": [0, 0, 0, 2], "texture": "#missing"}
			}
		}
	],
	"groups": [
		{
			"name": "group",
			"origin": [4, 0, 4],
			"color": 0,
			"children": [0, 1, 2]
		},
		{
			"name": "group",
			"origin": [4, 0, 4],
			"color": 0,
			"children": [3, 4, 5]
		},
		{
			"name": "group",
			"origin": [4, 0, 4],
			"color": 0,
			"children": [6, 7, 8]
		},
		{
			"name": "group",
			"origin": [4, 0, 4],
			"color": 0,
			"children": [9, 10, 11]
		}
	]
}