{
	"credit": "Made with Blockbench",
	"parent": "minecraft:block/flowerbed_1",
	"textures": {
		"flowerbed": "block/pink_petals",
		"stem": "block/pink_petals_stem"
	},
	"elements": [
		{
			"from": [2, 2, 2],
			"to": [6, 2, 6],
			"faces": {
				"north": {"uv": [0, 0, 4, 0], "texture": "#missing"},
				"east": {"uv": [0, 0, 4, 0], "texture": "#missing"},
				"south": {"uv": [0, 0, 4, 0], "texture": "#missing"},
				"west": {"uv": [0, 0, 4, 0], "texture": "#missing"},
				"up": {"uv": [2, 2, 6, 6], "texture": "#flowerbed"},
				"down": {"uv": [2, 2, 6, 6], "texture": "#flowerbed"}
			}
		},
		{
			"from": [4, 0, 3],
			"to": [4, 2, 5],
			"rotation": {"angle": 45, "axis": "y", "origin": [4, 0, 4]},
			"faces": {
				"north": {"uv": [0, 0, 0, 2], "texture": "#missing"},
				"east": {"uv": [0, 5, 2, 7], "texture": "#stem"},
				"south": {"uv": [0, 0, 0, 2], "texture": "#missing"},
				"west": {"uv": [0, 5, 2, 7], "texture": "#stem"},
				"up": {"uv": [0, 0, 0, 2], "texture": "#stem"},
				"down": {"uv": [0, 0, 0, 2], "texture": "#missing"}
			}
		},
		{
			"from": [4, 0, 3],
			"to": [4, 2, 5],
			"rotation": {"angle": -45, "axis": "y", "origin": [4, 0, 4]},
			"faces": {
				"north": {"uv": [0, 0, 0, 2], "texture": "#missing"},
				"east": {"uv": [0, 5, 2, 7], "texture": "#stem"},
				"south": {"uv": [0, 0, 0, 2], "texture": "#missing"},
				"west": {"uv": [0, 5, 2, 7], "texture": "#stem"},
				"up": {"uv": [0, 0, 0, 2], "texture": "#stem"},
				"down": {"uv": [0, 0, 0, 2], "texture": "#missing"}
			}
		}
	]
}