{
	"credit": "Made with Blockbench",
	"ambientocclusion": false,
	"textures": {
		"particle": "block/pitcher_crop_top",
		"pitcher_top": "block/pitcher_crop_top",
		"pitcher_side": "block/pitcher_crop_side",
		"pitcher_bottom": "block/pitcher_crop_bottom"
	},
	"elements": [
		{
			"name": "pitcher_crop_bottom_stage_0",
			"from": [4, -2, 4],
			"to": [12, 2, 12],
			"faces": {
				"north": {"uv": [2, 10, 12, 16], "texture": "#pitcher_side"},
				"east": {"uv": [2, 10, 12, 16], "texture": "#pitcher_side"},
				"south": {"uv": [2, 10, 12, 16], "texture": "#pitcher_side"},
				"west": {"uv": [2, 10, 12, 16], "texture": "#pitcher_side"},
				"up": {"uv": [4, 4, 12, 12], "texture": "#pitcher_top"},
				"down": {"uv": [4, 4, 12, 12], "texture": "#pitcher_bottom"}
			}
		}
	]
}