{
	"credit": "Made with Blockbench",
	"ambientocclusion": false,
	"textures": {
		"4": "block/pitcher_crop_bottom_1",
		"5": "block/pitcher_crop_top_1",
		"particle": "block/pitcher_crop_top_1",
		"stage_2": "block/pitcher_crop_bottom_stage_2",
		"pitcher_side": "block/pitcher_crop_side"
	},
	"elements": [
		{
			"name": "pitcher_crop_bottom_stage_2",
			"from": [0, 4, 8],
			"to": [16, 20, 8],
			"shade": false,
			"rotation": {"angle": 45, "axis": "y", "origin": [8, 6, 8]},
			"faces": {
				"north": {"uv": [0, 0, 16, 16], "texture": "#stage_2"},
				"south": {"uv": [0, 0, 16, 16], "texture": "#stage_2"}
			}
		},
		{
			"name": "pitcher_crop_bottom_stage_2",
			"from": [8, 4, 0],
			"to": [8, 20, 16],
			"shade": false,
			"rotation": {"angle": 45, "axis": "y", "origin": [8, 6, 8]},
			"faces": {
				"east": {"uv": [0, 0, 16, 16], "texture": "#stage_2"},
				"west": {"uv": [0, 0, 16, 16], "texture": "#stage_2"}
			}
		},
		{
			"name": "pitcher_crop_bottom_stage_1",
			"from": [2, -2, 2],
			"to": [14, 4, 14],
			"faces": {
				"north": {"uv": [0, 0, 12, 6], "texture": "#pitcher_side"},
				"east": {"uv": [0, 0, 12, 6], "texture": "#pitcher_side"},
				"south": {"uv": [0, 0, 12, 6], "texture": "#pitcher_side"},
				"west": {"uv": [0, 0, 12, 6], "texture": "#pitcher_side"},
				"up": {"uv": [2, 2, 14, 14], "texture": "#5"},
				"down": {"uv": [2, 2, 14, 14], "texture": "#4"}
			}
		}
	]
}