{
	"credit": "Made with Blockbench",
	"ambientocclusion": false,
	"textures": {
		"4": "block/pitcher_crop_bottom_1",
		"stage_1": "block/pitcher_crop_bottom_stage_1",
		"pitcher_side": "block/pitcher_crop_side",
		"particle": "block/pitcher_crop_top"
	},
	"elements": [
		{
			"name": "pitcher_crop_bottom_stage_1",
			"from": [0, 4, 8],
			"to": [16, 20, 8],
			"shade": false,
			"rotation": {"angle": 45, "axis": "y", "origin": [8, 5, 8]},
			"faces": {
				"north": {"uv": [0, 0, 16, 16], "texture": "#stage_1"},
				"south": {"uv": [0, 0, 16, 16], "texture": "#stage_1"}
			}
		},
		{
			"name": "pitcher_crop_bottom_stage_1",
			"from": [0, 4, 8],
			"to": [16, 20, 8],
			"shade": false,
			"rotation": {"angle": -45, "axis": "y", "origin": [8, 5, 8]},
			"faces": {
				"north": {"uv": [0, 0, 16, 16], "texture": "#stage_1"},
				"south": {"uv": [0, 0, 16, 16], "texture": "#stage_1"}
			}
		},
		{
			"name": "pitcher_crop_bottom_stage_1",
			"from": [4, -2, 4],
			"to": [12, 4, 12],
			"faces": {
				"north": {"uv": [4, 10, 12, 16], "texture": "#pitcher_side"},
				"east": {"uv": [4, 10, 12, 16], "texture": "#pitcher_side"},
				"south": {"uv": [4, 10, 12, 16], "texture": "#pitcher_side"},
				"west": {"uv": [4, 10, 12, 16], "texture": "#pitcher_side"},
				"up": {"uv": [4, 4, 12, 12], "texture": "#particle"},
				"down": {"uv": [3, 3, 13, 13], "texture": "#4"}
			}
		}
	]
}