{
	"credit": "Made with Blockbench",
	"ambientocclusion": false,
	"textures": {
		"2": "block/pitcher_crop_bottom_1",
		"3": "block/pitcher_crop_top_1",
		"particle": "block/pitcher_crop_bottom_1",
		"stage_3_bottom": "block/pitcher_crop_bottom_stage_3",
		"pitcher_side": "block/pitcher_crop_side"
	},
	"elements": [
		{
			"name": "pitcher_crop_bottom_stage_3",
			"from": [0, -2, 8],
			"to": [16, 14, 8],
			"shade": false,
			"rotation": {"angle": 45, "axis": "y", "origin": [8, 0, 8]},
			"faces": {
				"north": {"uv": [0, 0, 16, 16], "texture": "#stage_3_bottom"},
				"south": {"uv": [0, 0, 16, 16], "texture": "#stage_3_bottom"}
			}
		},
		{
			"name": "pitcher_crop_bottom_stage_3",
			"from": [0, -2, 8],
			"to": [16, 14, 8],
			"shade": false,
			"rotation": {"angle": -45, "axis": "y", "origin": [8, 0, 8]},
			"faces": {
				"north": {"uv": [0, 0, 16, 16], "texture": "#stage_3_bottom"},
				"south": {"uv": [0, 0, 16, 16], "texture": "#stage_3_bottom"}
			}
		},
		{
			"name": "pitcher_crop_bottom_stage_1",
			"from": [2, -2, 2],
			"to": [14, 4, 14],
			"faces": {
				"north": {"uv": [0, 0, 12, 6], "texture": "#pitcher_side"},
				"east": {"uv": [0, 0, 12, 6], "texture": "#pitcher_side"},
				"south": {"uv": [0, 0, 12, 6], "texture": "#pitcher_side"},
				"west": {"uv": [0, 0, 12, 6], "texture": "#pitcher_side"},
				"up": {"uv": [2, 2, 14, 14], "texture": "#3"},
				"down": {"uv": [2, 2, 14, 14], "texture": "#2"}
			}
		}
	]
}