{
	"credit": "Made with Blockbench",
	"ambientocclusion": false,
	"textures": {
		"sapling": "block/mangrove_propagule",
		"particle": "block/flower_pot",
		"flowerpot": "block/flower_pot",
		"dirt": "block/dirt"
	},
	"elements": [
		{
			"from": [10, 0, 6],
			"to": [12, 6, 10],
			"faces": {
				"north": {"uv": [0, 0, 2, 6], "texture": "#missing"},
				"east": {"uv": [6, 10, 10, 16], "texture": "#flowerpot"},
				"south": {"uv": [0, 0, 2, 6], "texture": "#missing"},
				"west": {"uv": [6, 10, 10, 16], "texture": "#flowerpot"},
				"up": {"uv": [10, 2, 12, 6], "texture": "#flowerpot"},
				"down": {"uv": [6, 6, 8, 10], "texture": "#flowerpot"}
			}
		},
		{
			"from": [4, 0, 4],
			"to": [12, 6, 6],
			"faces": {
				"north": {"uv": [4, 10, 12, 16], "texture": "#flowerpot"},
				"east": {"uv": [10, 10, 12, 16], "texture": "#flowerpot"},
				"south": {"uv": [4, 10, 12, 16], "texture": "#flowerpot"},
				"west": {"uv": [4, 10, 6, 16], "texture": "#flowerpot"},
				"up": {"uv": [4, 0, 12, 2], "texture": "#flowerpot"},
				"down": {"uv": [4, 0, 12, 2], "texture": "#flowerpot"}
			}
		},
		{
			"from": [4, 0, 10],
			"to": [12, 6, 12],
			"faces": {
				"north": {"uv": [4, 10, 12, 16], "texture": "#flowerpot"},
				"east": {"uv": [4, 10, 6, 16], "texture": "#flowerpot"},
				"south": {"uv": [4, 10, 12, 16], "texture": "#flowerpot"},
				"west": {"uv": [10, 10, 12, 16], "texture": "#flowerpot"},
				"up": {"uv": [4, 6, 12, 8], "texture": "#flowerpot"},
				"down": {"uv": [4, 6, 12, 8], "texture": "#flowerpot"}
			}
		},
		{
			"from": [4, 0, 6],
			"to": [6, 6, 10],
			"faces": {
				"north": {"uv": [0, 0, 2, 6], "texture": "#missing"},
				"east": {"uv": [6, 10, 10, 16], "texture": "#flowerpot"},
				"south": {"uv": [0, 0, 2, 6], "texture": "#missing"},
				"west": {"uv": [6, 10, 10, 16], "texture": "#flowerpot"},
				"up": {"uv": [4, 2, 6, 6], "texture": "#flowerpot"},
				"down": {"uv": [4, 2, 6, 6], "texture": "#flowerpot"}
			}
		},
		{
			"from": [6, 0, 6],
			"to": [10, 4, 10],
			"faces": {
				"north": {"uv": [0, 0, 4, 4], "texture": "#missing"},
				"east": {"uv": [0, 0, 4, 4], "texture": "#missing"},
				"south": {"uv": [0, 0, 4, 4], "texture": "#missing"},
				"west": {"uv": [0, 0, 4, 4], "texture": "#missing"},
				"up": {"uv": [0, 12, 4, 16], "texture": "#dirt"},
				"down": {"uv": [6, 12, 10, 14], "texture": "#flowerpot"}
			}
		},
		{
			"from": [8, 4, 3],
			"to": [8, 16, 13],
			"rotation": {"angle": 45, "axis": "y", "origin": [8, 10, 8]},
			"faces": {
				"north": {"uv": [0, 0, 0, 12], "texture": "#missing"},
				"east": {"uv": [3, 2, 13, 14], "texture": "#sapling"},
				"south": {"uv": [0, 0, 0, 12], "texture": "#missing"},
				"west": {"uv": [13, 2, 3, 14], "texture": "#sapling"},
				"up": {"uv": [0, 0, 8, 0], "rotation": 270, "texture": "#missing"},
				"down": {"uv": [0, 0, 8, 0], "rotation": 90, "texture": "#missing"}
			}
		},
		{
			"from": [3, 4, 8],
			"to": [13, 16, 8],
			"rotation": {"angle": 45, "axis": "y", "origin": [8, 10, 8]},
			"faces": {
				"north": {"uv": [13, 2, 3, 14], "texture": "#sapling"},
				"east": {"uv": [0, 0, 0, 12], "texture": "#missing"},
				"south": {"uv": [3, 2, 13, 14], "texture": "#sapling"},
				"west": {"uv": [0, 0, 0, 12], "texture": "#missing"},
				"up": {"uv": [0, 0, 8, 0], "texture": "#missing"},
				"down": {"uv": [0, 0, 8, 0], "texture": "#missing"}
			}
		}
	]
}