{
	"credit": "Made with Blockbench",
	"textures": {
		"particle": "#texture"
	},
	"elements": [
		{
			"from": [2, -1, 2],
			"to": [14, 1, 14],
			"faces": {
				"north": {"uv": [2, 14, 14, 16], "texture": "#texture"},
				"east": {"uv": [2, 14, 14, 16], "texture": "#texture"},
				"south": {"uv": [2, 14, 14, 16], "texture": "#texture"},
				"west": {"uv": [2, 14, 14, 16], "texture": "#texture"},
				"up": {"uv": [2, 2, 14, 14], "texture": "#texture"},
				"down": {"uv": [2, 2, 14, 14], "texture": "#texture", "cullface": "down"}
			}
		}
	]
}