{
	"credit": "Made with Blockbench",
	"parent": "minecraft:block/rail_curved",
	"textures": {
		"rail": "block/rail_corner"
	},
	"elements": [
		{
			"from": [0, 0, 0],
			"to": [4, 2, 16],
			"faces": {
				"north": {"uv": [0, 0, 4, 2], "texture": "#rail"},
				"east": {"uv": [16, 2, 0, 4], "texture": "#rail"},
				"south": {"uv": [0, 14, 4, 16], "texture": "#rail"},
				"west": {"uv": [0, 0, 16, 2], "texture": "#rail"},
				"up": {"uv": [0, 0, 4, 16], "texture": "#rail"},
				"down": {"uv": [0, 16, 4, 0], "texture": "#rail"}
			}
		},
		{
			"from": [4, 0, 0],
			"to": [16, 2, 4],
			"faces": {
				"north": {"uv": [0, 0, 12, 2], "texture": "#rail"},
				"east": {"uv": [4, 3, 0, 5], "texture": "#rail"},
				"south": {"uv": [4, 2, 16, 4], "texture": "#rail"},
				"west": {"uv": [0, 0, 4, 2], "texture": "#missing"},
				"up": {"uv": [4, 0, 16, 4], "texture": "#rail"},
				"down": {"uv": [4, 4, 16, 0], "texture": "#rail"}
			}
		},
		{
			"from": [12, 0, 12],
			"to": [16, 2, 16],
			"faces": {
				"north": {"uv": [12, 12, 16, 14], "texture": "#rail"},
				"east": {"uv": [16, 14, 12, 16], "texture": "#rail"},
				"south": {"uv": [12, 14, 16, 16], "texture": "#rail"},
				"west": {"uv": [12, 12, 16, 14], "texture": "#rail"},
				"up": {"uv": [12, 12, 16, 16], "texture": "#rail"},
				"down": {"uv": [12, 12, 16, 16], "rotation": 270, "texture": "#rail"}
			}
		},
		{
			"from": [12, 0.01, 4],
			"to": [16, 0.01, 12],
			"faces": {
				"north": {"uv": [0, 0, 4, 0], "texture": "#missing"},
				"east": {"uv": [0, 0, 8, 0], "texture": "#missing"},
				"south": {"uv": [0, 0, 4, 0], "texture": "#missing"},
				"west": {"uv": [0, 0, 8, 0], "texture": "#missing"},
				"up": {"uv": [12, 4, 16, 12], "texture": "#rail"},
				"down": {"uv": [12, 4, 16, 12], "texture": "#rail"}
			}
		},
		{
			"from": [4, 0.01, 12],
			"to": [12, 0.01, 16],
			"faces": {
				"north": {"uv": [0, 0, 8, 0], "texture": "#missing"},
				"east": {"uv": [0, 0, 4, 0], "texture": "#missing"},
				"south": {"uv": [0, 0, 8, 0], "texture": "#missing"},
				"west": {"uv": [0, 0, 4, 0], "texture": "#missing"},
				"up": {"uv": [4, 12, 12, 16], "texture": "#rail"},
				"down": {"uv": [4, 12, 12, 16], "texture": "#rail"}
			}
		}
	]
}