{
	"credit": "Made with Blockbench",
	"ambientocclusion": false,
	"textures": {
		"slab": "block/smooth_stone",
		"particle": "block/repeater",
		"top": "block/repeater",
		"unlit": "block/components_off"
	},
	"elements": [
		{
			"from": [0, 0, 0],
			"to": [16, 2, 16],
			"faces": {
				"north": {"uv": [0, 14, 16, 16], "texture": "#slab", "cullface": "north"},
				"east": {"uv": [0, 14, 16, 16], "texture": "#slab", "cullface": "east"},
				"south": {"uv": [0, 14, 16, 16], "texture": "#slab", "cullface": "south"},
				"west": {"uv": [0, 14, 16, 16], "texture": "#slab", "cullface": "west"},
				"up": {"uv": [0, 0, 16, 16], "texture": "#top"},
				"down": {"uv": [0, 0, 16, 16], "texture": "#slab", "cullface": "down"}
			}
		},
		{
			"from": [6, 2, 2],
			"to": [10, 4, 6],
			"faces": {
				"north": {"uv": [4, 12, 0, 14], "texture": "#unlit"},
				"east": {"uv": [2, 12, 4, 14], "texture": "#unlit"},
				"south": {"uv": [2, 12, 4, 14], "texture": "#unlit"},
				"west": {"uv": [0, 12, 4, 14], "texture": "#unlit"},
				"up": {"uv": [0, 8, 4, 12], "texture": "#unlit"},
				"down": {"uv": [7, 13, 9, 15], "texture": "#unlit"}
			}
		},
		{
			"from": [2, 2, 6],
			"to": [14, 4, 8],
			"faces": {
				"north": {"uv": [14, 2, 2, 4], "texture": "#unlit"},
				"east": {"uv": [12, 2, 14, 4], "texture": "#unlit"},
				"south": {"uv": [2, 2, 14, 4], "texture": "#unlit"},
				"west": {"uv": [2, 2, 4, 4], "texture": "#unlit"},
				"up": {"uv": [2, 2, 14, 4], "texture": "#unlit"},
				"down": {"uv": [7, 13, 9, 15], "texture": "#unlit"}
			}
		}
	]
}