{
	"credit": "Made with Blockbench",
	"parent": "minecraft:block/sniffer_egg",
	"textures": {
		"bottom": "block/sniffer_egg_very_cracked_bottom",
		"east": "block/sniffer_egg_very_cracked_east",
		"north": "block/sniffer_egg_very_cracked_north",
		"south": "block/sniffer_egg_very_cracked_south",
		"top": "block/sniffer_egg_very_cracked_top",
		"west": "block/sniffer_egg_very_cracked_west"
	},
	"elements": [
		{
			"from": [2, 0, 2],
			"to": [14, 16, 14],
			"faces": {
				"north": {"uv": [0, 0, 12, 16], "texture": "#north"},
				"east": {"uv": [0, 0, 12, 16], "texture": "#east"},
				"south": {"uv": [0, 0, 12, 16], "texture": "#south"},
				"west": {"uv": [0, 0, 12, 16], "texture": "#west"},
				"up": {"uv": [0, 0, 12, 12], "texture": "#top"},
				"down": {"uv": [0, 0, 12, 12], "texture": "#bottom"}
			}
		}
	]
}