{
	"credit": "Made with Blockbench",
	"parent": "block/block",
	"ambientocclusion": false,
	"textures": {
		"particle": "block/flower_pot",
		"flowerpot": "block/flower_pot",
		"dirt": "block/dirt",
		"azalea_plant": "block/potted_azalea_bush_plant"
	},
	"elements": [
		{
			"from": [4, 15.9, 4],
			"to": [12, 16, 12],
			"faces": {
				"up": {"uv": [4, 4, 12, 12], "texture": "#top", "cullface": "up"},
				"down": {"uv": [4, 12, 12, 4], "texture": "#top"}
			}
		},
		{
			"from": [4, 8, 4],
			"to": [12, 16, 4],
			"faces": {
				"north": {"uv": [4, 6, 12, 14], "texture": "#side"},
				"south": {"uv": [12, 6, 4, 14], "texture": "#side"}
			}
		},
		{
			"from": [4, 8, 12],
			"to": [12, 16, 12],
			"faces": {
				"north": {"uv": [12, 6, 4, 14], "texture": "#side"},
				"south": {"uv": [4, 6, 12, 14], "texture": "#side"}
			}
		},
		{
			"from": [4, 8, 4],
			"to": [4, 16, 12],
			"faces": {
				"east": {"uv": [12, 6, 4, 14], "texture": "#side"},
				"west": {"uv": [4, 6, 12, 14], "texture": "#side"}
			}
		},
		{
			"from": [12, 8, 4],
			"to": [12, 16, 12],
			"faces": {
				"east": {"uv": [4, 6, 12, 14], "texture": "#side"},
				"west": {"uv": [12, 6, 4, 14], "texture": "#side"}
			}
		},
		{
			"from": [2.6, 4, 8],
			"to": [13.4, 16, 8],
			"rotation": {"angle": 45, "axis": "y", "origin": [8, 8, 8], "rescale": true},
			"faces": {
				"north": {"uv": [0, 4, 16, 16], "texture": "#azalea_plant"},
				"south": {"uv": [0, 4, 16, 16], "texture": "#azalea_plant"}
			}
		},
		{
			"from": [8, 4, 2.6],
			"to": [8, 16, 13.4],
			"rotation": {"angle": 45, "axis": "y", "origin": [8, 8, 8], "rescale": true},
			"faces": {
				"east": {"uv": [0, 4, 16, 16], "texture": "#azalea_plant"},
				"west": {"uv": [0, 4, 16, 16], "texture": "#azalea_plant"}
			}
		},
		{
			"from": [6, 0, 6],
			"to": [10, 4, 10],
			"faces": {
				"up": {"uv": [12, 0, 16, 4], "texture": "#dirt"},
				"down": {"uv": [6, 12, 10, 14], "texture": "#flowerpot", "cullface": "down"}
			}
		},
		{
			"from": [4, 0, 4],
			"to": [12, 6, 6],
			"faces": {
				"north": {"uv": [4, 10, 12, 16], "texture": "#flowerpot"},
				"east": {"uv": [10, 10, 12, 16], "texture": "#flowerpot"},
				"south": {"uv": [4, 10, 12, 16], "texture": "#flowerpot"},
				"west": {"uv": [4, 10, 6, 16], "texture": "#flowerpot"},
				"up": {"uv": [4, 0, 12, 2], "texture": "#flowerpot"},
				"down": {"uv": [4, 10, 12, 12], "texture": "#flowerpot"}
			}
		},
		{
			"from": [4, 0, 10],
			"to": [12, 6, 12],
			"rotation": {"angle": 0, "axis": "y", "origin": [8, 3, 11]},
			"faces": {
				"north": {"uv": [4, 10, 12, 16], "texture": "#flowerpot"},
				"east": {"uv": [4, 10, 6, 16], "texture": "#flowerpot"},
				"south": {"uv": [4, 10, 12, 16], "texture": "#flowerpot"},
				"west": {"uv": [10, 10, 12, 16], "texture": "#flowerpot"},
				"up": {"uv": [4, 8, 12, 10], "rotation": 180, "texture": "#flowerpot"},
				"down": {"uv": [4, 8, 12, 10], "rotation": 180, "texture": "#flowerpot"}
			}
		},
		{
			"from": [4, 0, 6],
			"to": [6, 6, 10],
			"faces": {
				"north": {"uv": [0, 0, 2, 6], "texture": "#missing"},
				"east": {"uv": [6, 10, 10, 16], "texture": "#flowerpot"},
				"south": {"uv": [0, 0, 2, 6], "texture": "#missing"},
				"west": {"uv": [6, 10, 10, 16], "texture": "#flowerpot"},
				"up": {"uv": [4, 2, 6, 6], "texture": "#flowerpot"},
				"down": {"uv": [6, 11, 8, 12], "texture": "#flowerpot"}
			}
		},
		{
			"from": [10, 0, 6],
			"to": [12, 6, 10],
			"faces": {
				"north": {"uv": [0, 0, 2, 6], "texture": "#missing"},
				"east": {"uv": [6, 10, 10, 16], "texture": "#flowerpot"},
				"south": {"uv": [0, 0, 2, 6], "texture": "#missing"},
				"west": {"uv": [6, 10, 10, 16], "texture": "#flowerpot"},
				"up": {"uv": [10, 2, 12, 6], "texture": "#flowerpot"},
				"down": {"uv": [10, 12, 12, 14], "texture": "#flowerpot"}
			}
		}
	],
	"groups": [0, 1, 2, 3, 4, 5, 6,
		{
			"name": "pot",
			"origin": [8, 8, 8],
			"children": [7, 8, 9, 10, 11]
		}
	]
}