{
	"credit": "Made with Blockbench",
	"parent": "block/block",
	"textures": {
		"particle": "block/sculk_shrieker_bottom",
		"bottom": "block/sculk_shrieker_bottom",
		"side": "block/sculk_shrieker_side",
		"top": "block/sculk_shrieker_top",
		"inner_top": "block/sculk_shrieker_inner_top"
	},
	"elements": [
		{
			"name": "bottom_slab",
			"from": [0, 0, 0],
			"to": [16, 8, 16],
			"faces": {
				"north": {"uv": [0, 8, 16, 16], "texture": "#side", "cullface": "north"},
				"east": {"uv": [0, 8, 16, 16], "texture": "#side", "cullface": "east"},
				"south": {"uv": [0, 8, 16, 16], "texture": "#side", "cullface": "south"},
				"west": {"uv": [0, 8, 16, 16], "texture": "#side", "cullface": "west"},
				"up": {"uv": [0, 0, 16, 16], "texture": "#inner_top"},
				"down": {"uv": [0, 0, 16, 16], "texture": "#bottom", "cullface": "down"}
			}
		},
		{
			"name": "top_slab",
			"from": [2, 8, 2],
			"to": [14, 15, 14],
			"faces": {
				"north": {"uv": [2, 2, 14, 8], "texture": "#side"},
				"east": {"uv": [2, 2, 14, 8], "texture": "#side"},
				"south": {"uv": [2, 2, 14, 8], "texture": "#side"},
				"west": {"uv": [2, 2, 14, 8], "texture": "#side"},
				"up": {"uv": [2, 2, 14, 14], "texture": "#top"}
			}
		},
		{
			"name": "up",
			"from": [1, 14.98, 1],
			"to": [15, 14.98, 15],
			"faces": {
				"down": {"uv": [1, 1, 15, 15], "texture": "#top"}
			}
		},
		{
			"name": "south",
			"from": [2, 8, 13.98],
			"to": [14, 15, 13.98],
			"faces": {
				"north": {"uv": [2, 2, 14, 8], "texture": "#side"}
			}
		},
		{
			"name": "north",
			"from": [2, 8, 2.02],
			"to": [14, 15, 2.02],
			"faces": {
				"south": {"uv": [2, 2, 14, 8], "texture": "#side"}
			}
		},
		{
			"name": "east",
			"from": [13.98, 8, 2],
			"to": [13.98, 15, 14],
			"faces": {
				"west": {"uv": [2, 2, 14, 8], "texture": "#side"}
			}
		},
		{
			"name": "west",
			"from": [2.02, 8, 2],
			"to": [2.02, 15, 14],
			"faces": {
				"east": {"uv": [2, 2, 14, 8], "texture": "#side"}
			}
		}
	]
}