{
	"credit": "Made with Blockbench",
	"ambientocclusion": false,
	"textures": {
		"particle": "#rail"
	},
	"elements": [
		{
			"name": "slats1",
			"from": [4, 8, 0],
			"to": [12, 8, 16],
			"rotation": {"angle": 45, "axis": "x", "origin": [8, 9, 8]},
			"faces": {
				"up": {"uv": [4, 2, 12, 14], "texture": "#rail"},
				"down": {"uv": [4, 14, 12, 2], "texture": "#rail"}
			}
		},
		{
			"name": "west rail main",
			"from": [0.01, 4, -4],
			"to": [4, 6, 12],
			"rotation": {"angle": 45, "axis": "x", "origin": [2, 1, 8], "rescale": true},
			"faces": {
				"north": {"uv": [0, 0, 4, 2], "rotation": 180, "texture": "#rail"},
				"east": {"uv": [2, 0, 4, 16], "rotation": 90, "texture": "#rail"},
				"south": {"uv": [0, 14, 4, 16], "texture": "#rail"},
				"west": {"uv": [0, 0, 2, 16], "rotation": 90, "texture": "#rail"},
				"up": {"uv": [0, 0, 4, 16], "texture": "#rail"},
				"down": {"uv": [0, 0, 4, 16], "texture": "#rail"}
			}
		},
		{
			"name": "east rail main",
			"from": [12.01, 4, -4],
			"to": [16, 6, 12],
			"rotation": {"angle": 45, "axis": "x", "origin": [14, 1, 8], "rescale": true},
			"faces": {
				"north": {"uv": [12, 0, 16, 2], "texture": "#rail"},
				"east": {"uv": [14, 0, 16, 16], "rotation": 90, "texture": "#rail"},
				"south": {"uv": [12, 14, 16, 16], "texture": "#rail"},
				"west": {"uv": [12, 0, 14, 16], "rotation": 90, "texture": "#rail"},
				"up": {"uv": [12, 0, 16, 16], "texture": "#rail"},
				"down": {"uv": [12, 0, 16, 16], "texture": "#rail"}
			}
		},
		{
			"name": "west rail bottom",
			"from": [0.01, 0, 15],
			"to": [4, 2, 17],
			"faces": {
				"north": {"uv": [0, 0, 4, 2], "texture": "#rail"},
				"east": {"uv": [2, 0, 4, 2], "texture": "#rail"},
				"south": {"uv": [4, 14, 0, 16], "texture": "#rail"},
				"west": {"uv": [0, 0, 2, 2], "texture": "#rail"},
				"up": {"uv": [0, 14, 4, 16], "texture": "#rail"},
				"down": {"uv": [0, 0, 4, 2], "texture": "#rail"}
			}
		},
		{
			"name": "east rail bottom",
			"from": [12.01, 0, 15],
			"to": [16, 2, 17],
			"faces": {
				"north": {"uv": [12, 0, 16, 2], "texture": "#rail"},
				"east": {"uv": [14, 0, 16, 2], "texture": "#rail"},
				"south": {"uv": [16, 14, 12, 16], "texture": "#rail"},
				"west": {"uv": [12, 0, 14, 2], "texture": "#rail"},
				"up": {"uv": [12, 2, 16, 4], "texture": "#rail"},
				"down": {"uv": [12, 0, 16, 2], "texture": "#rail"}
			}
		},
		{
			"name": "west rail top",
			"from": [0.01, 16, -1],
			"to": [4, 18, 1],
			"faces": {
				"north": {"uv": [0, 0, 4, 2], "texture": "#rail"},
				"east": {"uv": [2, 0, 4, 2], "texture": "#rail"},
				"south": {"uv": [0, 0, 4, 2], "texture": "#rail"},
				"west": {"uv": [0, 0, 2, 2], "texture": "#rail"},
				"up": {"uv": [0, 0, 4, 2], "texture": "#rail"},
				"down": {"uv": [0, 0, 4, 2], "texture": "#missing"}
			}
		},
		{
			"name": "east rail top",
			"from": [12.01, 16, -1],
			"to": [16, 18, 1],
			"faces": {
				"north": {"uv": [12, 0, 16, 2], "texture": "#rail"},
				"east": {"uv": [14, 0, 16, 2], "texture": "#rail"},
				"south": {"uv": [12, 0, 16, 2], "texture": "#rail"},
				"west": {"uv": [12, 0, 14, 2], "texture": "#rail"},
				"up": {"uv": [12, 0, 16, 2], "texture": "#rail"},
				"down": {"uv": [0, 0, 4, 2], "texture": "#missing"}
			}
		}
	]
}