{
	"credit": "Made with Blockbench",
	"parent": "block/block",
	"textures": {
		"particle": "block/sea_pickle",
		"all": "block/sea_pickle"
	},
	"elements": [
		{
			"from": [2, 0, 2],
			"to": [6, 6, 6],
			"faces": {
				"north": {"uv": [4, 5, 8, 11], "texture": "#all"},
				"east": {"uv": [12, 5, 16, 11], "texture": "#all"},
				"south": {"uv": [0, 5, 4, 11], "texture": "#all"},
				"west": {"uv": [8, 5, 12, 11], "texture": "#all"},
				"up": {"uv": [4, 1, 8, 5], "texture": "#all"},
				"down": {"uv": [8, 1, 12, 5], "texture": "#all", "cullface": "down"}
			}
		},
		{
			"from": [9, 0, 8],
			"to": [13, 4, 12],
			"faces": {
				"north": {"uv": [4, 5, 8, 9], "texture": "#all"},
				"east": {"uv": [12, 5, 16, 9], "texture": "#all"},
				"south": {"uv": [0, 5, 4, 9], "texture": "#all"},
				"west": {"uv": [8, 5, 12, 9], "texture": "#all"},
				"up": {"uv": [4, 1, 8, 5], "texture": "#all"},
				"down": {"uv": [8, 1, 12, 5], "texture": "#all", "cullface": "down"}
			}
		},
		{
			"from": [4, 6, 4],
			"to": [6, 8, 4],
			"shade": false,
			"rotation": {"angle": 45, "axis": "y", "origin": [5, 5.6, 5], "rescale": true},
			"faces": {
				"north": {"uv": [1, 1, 3, 5], "texture": "#all"},
				"south": {"uv": [3, 0, 1, 5], "texture": "#all"}
			}
		},
		{
			"from": [5, 6, 3],
			"to": [5, 8, 5],
			"shade": false,
			"rotation": {"angle": 45, "axis": "y", "origin": [5, 5.6, 5], "rescale": true},
			"faces": {
				"east": {"uv": [15, 1, 13, 5], "texture": "#all"},
				"west": {"uv": [13, 1, 15, 5], "texture": "#all"}
			}
		},
		{
			"from": [9.5, 4, 10.5],
			"to": [11.5, 6, 10.5],
			"shade": false,
			"rotation": {"angle": 45, "axis": "y", "origin": [10, 8, 10], "rescale": true},
			"faces": {
				"north": {"uv": [1, 1, 3, 5], "texture": "#all"},
				"south": {"uv": [3, 1, 1, 5], "texture": "#all"}
			}
		},
		{
			"from": [10.5, 4, 9.5],
			"to": [10.5, 6, 11.5],
			"shade": false,
			"rotation": {"angle": 45, "axis": "y", "origin": [10, 8, 10], "rescale": true},
			"faces": {
				"east": {"uv": [15, 1, 13, 5], "texture": "#all"},
				"west": {"uv": [13, 1, 15, 5], "texture": "#all"}
			}
		}
	]
}