{
    "parent": "item/handheld",
    "display": {
        "thirdperson_righthand": {
            "rotation": [ 0, 90, 55 ],
            "translation": [ 0, 4.0, 2.5 ],
            "scale": [ 0.85, 0.85, 1.7 ]
        },
        "thirdperson_lefthand": {
            "rotation": [ 0, -90, -55 ],
            "translation": [ 0, 4.0, 2.5 ],
            "scale": [ 0.85, 0.85, 1.7 ]
        },
        "firstperson_righthand": {
            "rotation": [ 0, 90, 25 ],
            "translation": [ 0, 1.6, 0.8 ],
            "scale": [ 0.68, 0.68, 1.36 ]
        },
        "firstperson_lefthand": {
            "rotation": [ 0, -90, -25 ],
            "translation": [ 0, 1.6, 0.8 ],
            "scale": [ 0.68, 0.68, 1.36 ]
        }
    }
}
