{
	"ambientocclusion": false,
	"textures": {
		"particle": "#texture"
	},
	"elements": [
		{   "from": [ -1.5, 0.5, -0.5 ],
			"to": [ 14.5, 0.5, 15.5 ],
			"shade": false,
			"faces": {
				"up": { "uv": [ 0, 0, 16, 16 ], "texture": "#left" },
				"down": { "uv": [ 0, 16, 16, 0 ], "texture": "#left" }
			}
		},
		{   "from": [ 1.5, 0.5, -0.5 ],
			"to": [ 17.5, 0.5, 15.5 ],
			"shade": false,
			"faces": {
				"up": { "uv": [ 0, 0, 16, 16 ], "texture": "#right" },
				"down": { "uv": [ 0, 16, 16, 0 ], "texture": "#right" }
			}
		}
	]
}
